{
  "type": "minecraft:chest",
  "pools": [
    {
      "rolls": {
        "min": 1,
        "max": 5
      },
      "entries": [
        {
          "type": "item",
          "functions": [
            {
              "function": "minecraft:set_count",
              "count": {
                "min": 1,
                "max": 3
              }
            }
          ],
          "name": "minecraft:clay_ball"
        },
        {
          "type": "item",
          "name": "minecraft:flower_pot"
        },
        {
          "type": "item",
          "weight": 2,
          "name": "minecraft:stone"
        },
        {
          "type": "item",
          "weight": 2,
          "name": "minecraft:stone_bricks"
        },
        {
          "type": "item",
          "weight": 4,
          "functions": [
            {
              "function": "minecraft:set_count",
              "count": {
                "min": 1,
                "max": 4
              }
            }
          ],
          "name": "minecraft:bread"
        },
        {
          "type": "item",
          "functions": [
            {
              "function": "minecraft:set_data",
              "data": 11
            }
          ],
          "name": "minecraft:dye"
        },
        {
          "type": "item",
          "name": "minecraft:smooth_stone"
        },
        {
          "type": "item",
          "name": "minecraft:emerald"
        }
      ]
    }
  ]
}