{
  "format_version": "1.20.10",
  "minecraft:recipe_shapeless": {
    "description": {
    "identifier": "minecraft:banner_pattern_flower"
    },

    
    "tags": [ "crafting_table" ],
    "group": "banner_pattern",
    "ingredients": [
      {
        "item": "minecraft:paper"
      },
      {
        "item": "minecraft:oxeye_daisy"
      }
    ],
	"unlock": [
      {
        "item": "minecraft:oxeye_daisy"
      }
    ],
    "result": {
      "item": "minecraft:banner_pattern",
      "data": 2
    }
  }
}
