{
  "pools": [
    {
      "rolls": 1,
      "entries": [
        {
          "type": "item",
          "name": "minecraft:lingering_potion",
          "weight": 1,
          "functions": [
            {
              "function": "set_count",
              "count": 1.0
            },
            {
              "function": "set_potion",
              "id": "wind_charged"
            }
          ]
        },
        {
          "type": "item",
          "name": "minecraft:lingering_potion",
          "weight": 1,
          "functions": [
            {
              "function": "set_count",
              "count": 1.0
            },
            {
              "function": "set_potion",
              "id": "oozing"
            }
          ]
        },
        {
          "type": "item",
          "name": "minecraft:lingering_potion",
          "weight": 1,
          "functions": [
            {
              "function": "set_count",
              "count": 1.0
            },
            {
              "function": "set_potion",
              "id": "weaving"
            }
          ]
        },
        {
          "type": "item",
          "name": "minecraft:lingering_potion",
          "weight": 1,
          "functions": [
            {
              "function": "set_count",
              "count": 1.0
            },
            {
              "function": "set_potion",
              "id": "infested"
            }
          ]
        },
        {
          "type": "item",
          "name": "minecraft:lingering_potion",
          "weight": 1,
          "functions": [
            {
              "function": "set_count",
              "count": 1.0
            },
            {
              "function": "set_potion",
              "id": "strength"
            }
          ]
        },
        {
          "type": "item",
          "name": "minecraft:lingering_potion",
          "weight": 1,
          "functions": [
            {
              "function": "set_count",
              "count": 1.0
            },
            {
              "function": "set_potion",
              "id": "swiftness"
            }
          ]
        },
        {
          "type": "item",
          "name": "minecraft:lingering_potion",
          "weight": 1,
          "functions": [
            {
              "function": "set_count",
              "count": 1.0
            },
            {
              "function": "set_potion",
              "id": "slow_falling"
            }
          ]
        }
      ]
    },
    {
      "rolls": 1,
      "entries": [
        {
          "type": "item",
          "name": "minecraft:arrow",
          "weight": 1,
          "functions": [
            {
              "function": "set_count",
              "count": 1.0
            }
          ]
        },
        {
          "type": "item",
          "name": "minecraft:arrow",
          "weight": 1,
          "functions": [
            {
              "function": "set_count",
              "count": 1.0
            },
            {
              "function": "set_potion",
              "id": "poison"
            }
          ]
        },
        {
          "type": "item",
          "name": "minecraft:arrow",
          "weight": 1,
          "functions": [
            {
              "function": "set_count",
              "count": 1.0
            },
            {
              "function": "set_potion",
              "id": "strong_slowness"
            }
          ]
        },
        {
          "type": "item",
          "name": "minecraft:fire_charge",
          "weight": 1,
          "functions": [
            {
              "function": "set_count",
              "count": {
                "min": 1,
                "max": 3
              }
            }
          ]
        },
        {
          "type": "item",
          "name": "minecraft:wind_charge",
          "weight": 1,
          "functions": [
            {
              "function": "set_count",
              "count": {
                "min": 1,
                "max": 3
              }
            }
          ]
        }
      ]
    }
  ]
}